{"cameraMode":{"drawMode":0,"name":"Shaded","section":"Shading Mode"},"sceneLighting":true,"audioPlay":false,"sceneViewState":{"m_AlwaysRefresh":false,"showFog":true,"showSkybox":true,"showFlares":true,"showImageEffects":true,"showParticleSystems":true,"showVisualEffectGraphs":true,"m_FxEnabled":true},"in2DMode":false,"pivot":{"x":3.655587673187256,"y":0.21304182708263398,"z":-17.463720321655275},"rotation":{"x":-0.11523570120334625,"y":0.014311973005533219,"z":-0.001646259450353682,"w":-0.9932687282562256},"size":0.44336628913879397,"orthographic":false}