{"cameraMode":{"drawMode":0,"name":"Shaded","section":"Shading Mode"},"sceneLighting":true,"audioPlay":false,"sceneViewState":{"m_AlwaysRefresh":false,"showFog":true,"showSkybox":true,"showFlares":true,"showImageEffects":true,"showParticleSystems":true,"showVisualEffectGraphs":true,"m_FxEnabled":true},"in2DMode":false,"pivot":{"x":7.911371231079102,"y":5.673948287963867,"z":-28.884737014770509},"rotation":{"x":-0.14050838351249696,"y":0.020206866785883905,"z":-0.0028461110778152944,"w":-0.9898959994316101},"size":2.8102173805236818,"orthographic":false}